label,message
ham,"
Lorem ipsum dolor sit amet, consectetur adipiscing elit. Vestibulum vehicula fringilla fermentum. Aliquam id dapibus neque, a tincidunt quam. Nullam bibendum dui a odio faucibus rutrum. Suspendisse venenatis ut nisl id dictum. Nam condimentum ac ipsum et mattis. Orci varius natoque penatibus et magnis dis parturient montes, nascetur ridiculus mus. Morbi justo lacus, tristique in ornare facilisis, mattis id odio.
"
ham,"
Maecenas ornare, est nec facilisis tempus, ante lorem auctor ex, ac mattis lorem odio ac leo. Class aptent taciti sociosqu ad litora torquent per conubia nostra, per inceptos himenaeos. Donec maximus leo sit amet porta lobortis. Sed turpis leo, bibendum vel maximus vitae, semper eu diam. Suspendisse ac aliquam libero. Mauris posuere neque nec fermentum convallis. Aenean a malesuada quam, sit amet malesuada nisi. Etiam et erat ac nunc dictum malesuada a et dolor. Etiam et ipsum enim. In imperdiet, magna nec finibus sagittis, tellus nibh sagittis quam, ut finibus orci felis in arcu. Cras nec neque libero. Integer at velit luctus, ornare libero at, porta mi. Aenean urna turpis, dictum a porttitor nec, volutpat at quam. In hac habitasse platea dictumst.
"
ham,"
In convallis ultricies sagittis. Sed eget ornare ligula, a aliquam leo. Mauris finibus, diam sed ultricies facilisis, eros ante molestie dolor, ac congue augue nunc quis ex. Aliquam eu tortor quis tellus laoreet tristique. Sed quis tincidunt nulla, at interdum ligula. Morbi blandit odio tellus, nec pharetra ligula sollicitudin et. Nullam viverra ex ut lorem finibus commodo. Curabitur rhoncus metus ipsum, suscipit laoreet mi posuere at. In eget lorem ut est gravida dapibus ac ut velit. Nunc ullamcorper lacus ut turpis rhoncus mattis. Nunc malesuada vitae ex vitae interdum. Suspendisse sagittis in justo sit amet luctus. Ut efficitur convallis quam. Etiam cursus porttitor ipsum, eu varius orci feugiat sed. Vestibulum molestie suscipit velit eu tempus. Mauris sodales scelerisque tincidunt.
"
ham,"
Nam imperdiet id lorem ut accumsan. Suspendisse maximus non sem eu elementum. Proin venenatis tristique scelerisque. Cras eros ex, consequat ut pulvinar vitae, tincidunt sed augue. Nunc tempor luctus eros sed gravida. Nulla felis eros, porta at dapibus ullamcorper, tempor a nisi. Praesent id ornare erat. Etiam a lectus facilisis, vehicula neque vitae, fermentum lorem. Sed consectetur tincidunt tellus, ut sodales nibh semper ut. Nunc scelerisque porttitor lorem, non elementum odio eleifend a. Cras aliquam ac tortor id tristique. Praesent vehicula arcu eu nibh faucibus elementum. Aenean posuere erat sed nisi rutrum, et ullamcorper elit maximus. Integer lectus risus, egestas vel pellentesque at, posuere id nunc. Vivamus nulla erat, gravida dapibus purus quis, convallis euismod ipsum. Vestibulum non pellentesque tortor, vel ornare diam.
"
ham,"
Interdum et malesuada fames ac ante ipsum primis in faucibus. Quisque sit amet cursus velit, quis venenatis dui. Curabitur fringilla commodo maximus. Suspendisse eleifend mi risus. Integer a venenatis est. Vestibulum ac volutpat risus. Aliquam non est vel felis scelerisque scelerisque. Etiam consectetur vehicula mi vel malesuada. Quisque vestibulum, lacus eu mattis maximus, elit tortor lobortis purus, nec maximus tellus dolor at nibh. Mauris dapibus augue eget sapien ornare, sed fermentum magna rhoncus. Nunc est lectus, aliquam a erat laoreet, eleifend ullamcorper libero. Nullam tincidunt congue consequat. Praesent cursus volutpat tortor, et efficitur tortor vulputate ut. Nam condimentum est nec feugiat fermentum. Suspendisse vulputate leo id elit feugiat consectetur. Aenean placerat iaculis ullamcorper.
"
